OrganismCode,Phylum,Class_level,Order_level,Family_level,Genus,Species,Common_name
0,No catch,No catch,No catch,No catch,No catch,No catch,No organisms in sample
1000,Cnidaria,Hydrozoa,Hydrida,Hydridae,Hydra,sp. A,"Hydra, Hydrozoan"
1001,Cnidaria,Anthozoa,Actinaria,Diadumenidae,Diadumene,sp. A,Sea Anemone
1005,Cnidaria,Anthozoa,Actiniara,Isophelliidae,Flosmaris,grandis,White burrowing anemone
1010,Platyhelminthes,Turbellaria,Tricladida,Planariidae,Girardia,tigrina,"Turbellarian, Flat Worm"
1020,Platyhelminthes,Turbellaria,Tricladida,Planariidae,Unknown,planariid sp. A,"Turbellarian, Flat Worm"
1030,Platyhelminthes,Turbellaria,Tricladida,Unknown,Unknown,triclad sp. A,"Turbellarian, Flat Worm"
1050,Platyhelminthes,Turbellaria,Tricladida,Unknown,Unknown,triclad sp. B,"Turbellarian, Flat Worm"
1080,Platyhelminthes,Turbellaria,Tricladida,Unknown,Unknown,triclad sp. D,"Turbellarian, Flat Worm"
1085,Platyhelminthes,Turbellaria,Tricladida,Unknown,Unknown,triclad sp. E,"Turbellarian, Flat Worm"
1086,Platyhelminthes,Turbellaria,Tricladida,Unknown,Unknown,triclad sp. F,"Turbellarian, Flat Worm"
1090,Platyhelminthes,Turbellaria,Unknown,Unknown,Unknown,turbellarian sp. A,"Turbellarian, Flat Worm"
1091,Platyhelminthes,Turbellaria,Unknown,Unknown,Unknown,turbellarian sp. B,"Turbellarian, Flat Worm"
1092,Platyhelminthes,Turbellaria,Unknown,Unknown,Unknown,turbellarian sp. C,"Turbellarian, Flat Worm"
1093,Platyhelminthes,Turbellaria,Unknown,Unknown,Unknown,turbellarian sp. D,"Turbellarian, Flat Worm"
1094,Platyhelminthes,Turbellaria,Unknown,Unknown,Unknown,turbellarian sp. E,"Turbellarian, Flat Worm"
1095,Platyhelminthes,Turbellaria,Unknown,Unknown,Unknown,turbellarian sp. F,Unknown turbellarian sp. F
1110,Nemertea,Anopla,Paleonemertea,Unknown,Unknown,paleonemertean sp. A,"Nemertean, Ribbon Worm"
1130,Nemertea,Enopla,Hoplonemertea,Tetrastemmatidae,Prostoma,graecense,"Nemertean, Ribbon Worm"
1150,Nemertea,Unknown,Unknown,Unknown,Nemertea,sp. A,"Nemertean, Ribbon Worm"
1151,Nemertea,Unknown,Unknown,Unknown,Nemertea,sp. B,"Nemertean, Ribbon Worm"
1200,Nematoda,Unknown,Unknown,Unknown,Unknown,Unknown,"Nemas, Nematodes"
1210,Nematoda,Adenophorea,Araeolaimida,Plectidae,Teratocephalus,sp. A,"Nemas, Nematodes"
1220,Nematoda,Adenophorea,Mononchida,Mononchidae,Mononchulus,sp. A,"Nemas, Nematodes"
1230,Nematoda,Adenophorea,Dorylaimida,Dorylaimidae,Dorylaimus,sp. A,Spear Neamtodes
1290,Nematoda,Adenophorea,Mermithida,Mermithidae,Mermithid,sp. A,"Nemas, Nematodes"
2000,Nematomorpha,Gordioidea,Gordiodea,Gordiidae,Gordius,sp. A,Horsehair worm
2005,Annelida,Oligochaeta,Tubificida,Naididae,Arcteonais,lomondi,Tubificid Worm
2010,Annelida,Oligochaeta,Tubificida,Naididae,Bratislavia,bilongata,Tubificid Worm
2011,Annelida,Oligochaeta,Tubificida,Naididae,Bratislavia,unidentata,Tubificid Worm
2030,Annelida,Oligochaeta,Tubificida,Naididae,Chaetogaster,diaphanus,Tubificid Worm
2050,Annelida,Oligochaeta,Tubificida,Naididae,Chaetogaster,limnaei,Tubificid Worm
2070,Annelida,Oligochaeta,Tubificida,Naididae,Dero,digitata,Tubificid Worm
2075,Annelida,Oligochaeta,Tubificida,Naididae,Dero,lodeni,Tubificid Worm
2080,Annelida,Oligochaeta,Tubificida,Naididae,Dero,nivea,Tubificid Worm
2090,Annelida,Oligochaeta,Tubificida,Naididae,Dero,trifida,Tubificid Worm
2095,Annelida,Oligochaeta,Tubificida,Naididae,Dero,vaga,Tubificid Worm
2100,Annelida,Oligochaeta,Tubificida,Naididae,Haemonais,waldvogeli,Tubificid Worm
2104,Annelida,Oligochaeta,Tubificida,Naididae,Nais,alpina,Tubificid Worm
2105,Annelida,Oligochaeta,Tubificida,Naididae,Nais,barbata,Tubificid Worm
2110,Annelida,Oligochaeta,Tubificida,Naididae,Nais,communis / variabilis,Tubificid Worm
2120,Annelida,Oligochaeta,Tubificida,Naididae,Nais,elinguis,Tubificid Worm
2130,Annelida,Oligochaeta,Tubificida,Naididae,Nais,pardalis,Tubificid Worm
2150,Annelida,Oligochaeta,Tubificida,Naididae,Nais,pseudobtusa,Tubificid Worm
2170,Annelida,Oligochaeta,Tubificida,Naididae,Nais,simplex,Tubificid Worm
2190,Annelida,Oligochaeta,Tubificida,Naididae,Ophidonais,serpentina,Tubificid Worm
2210,Annelida,Oligochaeta,Tubificida,Naididae,Paranais,frici,Tubificid Worm
2230,Annelida,Oligochaeta,Tubificida,Naididae,Pristina,breviseta,Tubificid Worm
2250,Annelida,Oligochaeta,Tubificida,Naididae,Pristina,leidyi,Tubificid Worm
2251,Annelida,Oligochaeta,Tubificida,Naididae,Pristina,sp. A,Tubificid Worm
2260,Annelida,Oligochaeta,Tubificida,Naididae,Pristinella,jenkinae,Tubificid Worm
2265,Annelida,Oligochaeta,Tubificida,Naididae,Ripistes,parasita,Tubificid Worm
2270,Annelida,Oligochaeta,Tubificida,Naididae,Slavina,appendiculata,Tubificid Worm
2280,Annelida,Oligochaeta,Tubificida,Naididae,Specaria,josinae,Tubificid Worm
2285,Annelida,Oligochaeta,Tubificida,Naididae,Stephensoniana,trivandrana,Tubificid Worm
2290,Annelida,Oligochaeta,Tubificida,Naididae,Stylaria,lacustris,Tubificid Worm
2300,Annelida,Oligochaeta,Tubificida,Naididae,Uncinais,uncinata,Tubificid Worm
2310,Annelida,Oligochaeta,Tubificida,Naididae,Vejdovskyella,comata,Tubificid Worm
2330,Annelida,Oligochaeta,Tubificida,Naididae,Vejdovskyella,intermedia,Tubificid Worm
2410,Annelida,Oligochaeta,Tubificida,Naididae,Aulodrilus,limnobius,Tubificid Worm
2430,Annelida,Oligochaeta,Tubificida,Naididae,Aulodrilus,pigueti,Tubificid Worm
2450,Annelida,Oligochaeta,Tubificida,Naididae,Aulodrilus,japonicus,Tubificid Worm
2470,Annelida,Oligochaeta,Tubificida,Naididae,Bothrioneurum,vejdovskyanum,Tubificid Worm
2490,Annelida,Oligochaeta,Tubificida,Naididae,Branchiura,sowerbyi,Tubificid Worm
2510,Annelida,Oligochaeta,Tubificida,Naididae,Ilyodrilus,frantzi,Tubificid Worm
2530,Annelida,Oligochaeta,Tubificida,Naididae,Ilyodrilus,templetoni,Tubificid Worm
2540,Annelida,Oligochaeta,Tubificida,Naididae,Limnodrilus,claparedianus,Tubificid Worm
2550,Annelida,Oligochaeta,Tubificida,Naididae,Limnodrilus,hoffmeisteri,Tubificid Worm
2570,Annelida,Oligochaeta,Tubificida,Naididae,Limnodrilus,udekemianus,Tubificid Worm
2580,Annelida,Oligochaeta,Tubificida,Naididae,Monopylephorus,evertus,Tubificid Worm
2581,Annelida,Oligochaeta,Tubificida,Naididae,Monopylephorus,sp. A,Oligochaete
2590,Annelida,Oligochaeta,Tubificida,Naididae,Potamothrix,bavaricus,Tubificid Worm
2600,Annelida,Oligochaeta,Tubificida,Naididae,Potamothrix,sp. A,Tubificid Worm
2610,Annelida,Oligochaeta,Tubificida,Naididae,Psammoryctides,californianus,Tubificid Worm
2630,Annelida,Oligochaeta,Tubificida,Naididae,Quistadrilus,multisetosus,Tubificid Worm
2650,Annelida,Oligochaeta,Tubificida,Naididae,Embolocephalus,nikolskyi,Tubificid Worm
2652,Annelida,Oligochaeta,Tubificida,Naididae,Varichaetadrilus,harmani,Tubificid Worm
2655,Annelida,Oligochaeta,Tubificida,Naididae,Tectidrilus,diversus,Tubificid Worm
2660,Annelida,Oligochaeta,Tubificida,Naididae,Teneridrilus,calvus,Tubificid Worm
2670,Annelida,Oligochaeta,Tubificida,Naididae,Teneridrilus,mastix,Tubificid Worm
2690,Annelida,Oligochaeta,Tubificida,Naididae,Tubificoides,brownae,Tubificid Worm
2710,Annelida,Oligochaeta,Tubificida,Naididae,Tubificoides,fraseri,Tubificid Worm
2720,Annelida,Oligochaeta,Tubificida,Naididae,Tubificoides,heterochaetus,Tubificid Worm
2725,Annelida,Oligochaeta,Tubificida,Naididae,Tubificoides,motei,Tubificid Worm
2727,Annelida,Oligochaeta,Tubificida,Naididae,Tubificoides,wasselli,Tubificid Worm
2730,Annelida,Oligochaeta,Tubificida,Naididae,Varichaetadrilus,angustipenis,Tubificid Worm
2770,Annelida,Oligochaeta,Tubificida,Enchytraeidae,Enchytraeus,sp. A,Tubificid Worm
2790,Annelida,Oligochaeta,Tubificida,Enchytraeidae,Unknown,enchytraeid sp. B,Tubificid Worm
2800,Annelida,Oligochaeta,Tubificida,Enchytraeidae,Unknown,enchytraeid sp. C,Tubificid Worm
2805,Annelida,Oligochaeta,Lumbricina,Lumbricidae,Eiseniella,tetraedra,Earthworm
2810,Annelida,Oligochaeta,Tubificida,Sparganophilidae,Sparganophilus,eiseni,Earthworm
2820,Annelida,Oligochaeta,Tubificida,Ocnerodrilidae,Eukerria,saltensis,Tubificid Worm
2830,Annelida,Oligochaeta,Tubificida,Megascolecidae,Unknown,megascolecid sp. A,Tubificid Worm
2840,Annelida,Oligochaeta,Lumbriculida,Lumbriculidae,Altmanella,freidris,Angleworm
2850,Annelida,Oligochaeta,Lumbriculida,Lumbriculidae,Lumbriculus,variegatus,Angleworm
2870,Annelida,Oligochaeta,Lumbriculida,Lumbriculidae,Rhynchelmis,rostrata,Angleworm
2871,Annelida,Oligochaeta,Lumbriculida,Lumbriculidae,Rhynchelmis,klamathensis,Angleworm
2890,Annelida,Oligochaeta,Branchiobdellida,Branchiobdellidae,Cambarincola,sp. A,Gill Parasitic Worm
2910,Annelida,Hirudinea,Rhynchobdellida,Glossiphoniidae,Helobdella,stagnalis,Leech
2930,Annelida,Hirudinea,Rhynchobdellida,Glossiphoniidae,Helobdella,triserialis,Leech
2950,Annelida,Hirudinea,Rhynchobdellida,Glossiphoniidae,Placobdella,montifera,Leech
2970,Annelida,Hirudinea,Arhynchobdellida,Erpobdellidae,Mooreobdella,microstoma,Leech
2980,Annelida,Hirudinea,Rhynchobdellida,Glossiphoniidae,Gloiobdella,elongata,Leech
3005,Annelida,Polychaeta,Eunicida,Lumbrineridae,Lumbrineris,inflata,Polychaete Worm
3008,Annelida,Polychaeta,Eunicida,Lumbrineridae,Scoletoma,erecta,Polychaete Worm
3010,Annelida,Polychaeta,Eunicida,Lumbrineridae,Scoletoma,luti,Polychaete Worm
3030,Annelida,Polychaeta,Orbiniida,Orbiniidae,Leitoscoloplos,pugettensis,Polychaete Worm
3050,Annelida,Polychaeta,Spionida,Spionidae,Boccardiella,ligerica,"Spionid, Polychaete Worm"
3051,Annelida,Polychaeta,Spionida,Spionidae,Dipolydora,sp. A,"Spionid, Polychaete Worm"
3060,Annelida,Polychaeta,Spionida,Spionidae,Dipolydora,caulleryi,"Spionid, Polychaete Worm"
3061,Annelida,Polychaeta,Spionida,Spionidae,Dipolydora,brachycephala,"Spionid, Polychaete Worm"
3065,Annelida,Polychaeta,Spionida,Spionidae,Prionospio,lighti,"Spionid, Polychaete Worm"
3070,Annelida,Polychaeta,Spionida,Spionidae,Polydora,cornuta,"Spionid, Polychaete Worm"
3080,Annelida,Polychaeta,Spionida,Spionidae,Dipolydora,socialis,"Spionid, Polychaete Worm"
3090,Annelida,Polychaeta,Spionida,Spionidae,Pseudopolydora,kempi,"Spionid, Polychaete Worm"
3091,Annelida,Polychaeta,Spionida,Spionidae,Pseudopolydora,paucibranchiata,"Spionid, Polychaete Worm"
3095,Annelida,Polychaeta,Spionida,Spionidae,Scolelepis,squamata,"Spionid, Polychaete Worm"
3096,Annelida,Polychaeta,Spionida,Spionidae,Scolelepis,sp. A,"Spionid, Polychaete Worm"
3097,Annelida,Polychaeta,Spionida,Paraonidae,Aricidea,catherinae,"Spionid, Polychaete Worm"
3098,Annelida,Polychaeta,Spionida,Paraonidae,Aricidea,lopezi,"Spionid, Polychaete Worm"
3100,Annelida,Polychaeta,Spionida,Spionidae,Pygospio,californica,"Spionid, Polychaete Worm"
3105,Annelida,Polychaeta,Spionida,Spionidae,Spiophanes,duplex,"Spionid, Polychaete Worm"
3110,Annelida,Polychaeta,Spionida,Spionidae,Streblospio,benedicti,"Spionid, Polychaete Worm"
3130,Annelida,Polychaeta,Spionida,Spionidae,Marenzelleria,neglecta,"Spionid, Polychaete Worm"
3135,Annelida,Polychaeta,Spionida,Magelonidae,Magelona,sacculata,"Spionid, Polychaete Worm"
3138,Annelida,Polychaeta,Spionida,Cirratulidae,Chaetozone,sp. A,"Spionid, Polychaete Worm"
3139,Annelida,Polychaeta,Spionida,Cirratulidae,Caulleriella,sp. A,"Spionid, Polychaete Worm"
3140,Annelida,Polychaeta,Spionida,Cirratulidae,Tharyx,parvus,"Spionid, Polychaete Worm"
3150,Annelida,Polychaeta,Spionida,Cirratulidae,Cirriformia,moorei,"Spionid, Polychaete Worm"
3160,Annelida,Polychaeta,Spionida,Cirratulidae,Cossura,sp. A,Polychaete Worm
3170,Annelida,Polychaeta,Capitellida,Capitellidae,Heteromastus,filiformis,Lug worm
3180,Annelida,Polychaeta,Capitellida,Capitellidae,Capitella,sp. A,Lug worm
3185,Annelida,Polychaeta,Capitellida,Capitellidae,Mediomastus,sp. A,Polychaete Worm
3190,Annelida,Polychaeta,Capitellida,Maldanidae,Sabaco,elongatus,Bamboo Worm
3195,Annelida,Polychaeta,Capitellida,Pectinariidae,Pectinaria,californiensis,Comb worm
3200,Annelida,Polychaeta,Ophelida,Opheliidae,Armandia,brevis,Lug worm
3210,Annelida,Polychaeta,Phyllodocida,Nephtyidae,Nephtys,caecoides,Polychaete Worm
3230,Annelida,Polychaeta,Phyllodocida,Nephtyidae,Micronephtys,cornuta,Polychaete Worm
3240,Annelida,Polychaeta,Phyllodocida,Phyllodocidae,Phyllodoce,groenlandica,Polychaete Worm
3245,Annelida,Polychaeta,Phyllodocida,Dorvilleidae,Schistomeringos,longicornis,Polychaete Worm
3250,Annelida,Polychaeta,Phyllodocida,Phyllodocidae,Eteone,californica,Polychaete Worm
3270,Annelida,Polychaeta,Phyllodocida,Phyllodocidae,Eteone,lighti,Polychaete Worm
3280,Annelida,Polychaeta,Phyllodocida,Syllidae,Exogone,lourei,Polychaete Worm
3290,Annelida,Polychaeta,Phyllodocida,Syllidae,Sphaerosyllis,californiensis,Polychaete Worm
3300,Annelida,Polychaeta,Phyllodocida,Syllidae,Megasyllis,nipponica,Polychaete Worm
3301,Annelida,Polychaeta,Phyllodocida,Syllidae,Autolytinae,sp. A,Polychaete Worm
3305,Annelida,Polychaeta,Phyllodocida,Pholoididae,Pholoides,aspera,Polychaete Worm
3310,Annelida,Polychaeta,Phyllodocida,Polynoidae,Harmothoe,imbricata,Polychaete Worm
3311,Annelida,Polychaeta,Phyllodocida,Polynoidae,Hesperonoe,complanata,Scale worm
3320,Annelida,Polychaeta,Phyllodocida,Chrysopetalidae,Paleanotus,bellis,Polychaete Worm
3330,Annelida,Polychaeta,Phyllodocida,Nereididae,Hediste,limnicola,Polychaete Worm
3340,Annelida,Polychaeta,Phyllodocida,Nereididae,Alitta,brandti/virens,Polychaete Worm
3370,Annelida,Polychaeta,Phyllodocida,Nereididae,Alitta,succinea,Polychaete Worm
3375,Annelida,Polychaeta,Phyllodocida,Nereididae,Nereis,pelagica neonigripes,Polychaete Worm
3380,Annelida,Polychaeta,Phyllodocida,Nereididae,Platynereis,bicanaliculata,Polychaete Worm
3390,Annelida,Polychaeta,Phyllodocida,Goniadidae,Glycinde,armigera,Polychaete Worm
3391,Annelida,Polychaeta,Phyllodocida,Glyceridae,Glycera,americana,Polychaete Worm
3394,Annelida,Polychaeta,Terebellida,Terebellidae,Neoamphitrite,sp. A,Polychaete Worm
3395,Annelida,Polychaeta,Terebellida,Terebellidae,Amaeana,sp. A,Polychaete Worm
3400,Annelida,Polychaeta,Terebellida,Terebellidae,Pista,pacifica,Polychaete Worm
3410,Annelida,Polychaeta,Sabellida,Sabellidae,Euchone,limnicola,Polychaete Worm
3430,Annelida,Polychaeta,Sabellida,Sabellidae,Manayunkia,speciosa,Polychaete Worm
3450,Annelida,Polychaeta,Sabellida,Sabellidae,Laonome,calida,Polychaete Worm
3460,Annelida,Polychaeta,Sabellida,Sabellidae,Myxicola,infundibulum,Polychaete Worm
3999,Arthropoda,Crustacea,Cyclopoida,Cyclopidae,Unknown,Cyclopid sp. A,Cyclopid copepod
4000,Arthropoda,Crustacea,Cyclopoida,Notodelphyidae,Pygodelphys,sp. A,Copepod
4005,Arthropoda,Crustacea,Podocopida,Cyprididae,Cypricercus,sp. A,Ostracod
4010,Arthropoda,Crustacea,Podocopida,Cyprididae,Eucypris,sp. A,Ostracod
4020,Arthropoda,Crustacea,Podocopida,Cyprididae,Herpetocypris,brevicaudata,Ostracod
4030,Arthropoda,Crustacea,Podocopida,Cyprididae,Isocypris,sp. A,Ostracod
4040,Arthropoda,Crustacea,Podocopida,Cyprididae,Cyclocypris,sp. A,Ostracod
4050,Arthropoda,Crustacea,Podocopida,Candonidae,Candona,sp. A,Ostracod
4070,Arthropoda,Crustacea,Podocopida,Sarsiellidae,Eusarsiella,zostericola,Ostracod
4090,Arthropoda,Crustacea,Podocopida,Cytheridae,Cyprideis,sp. A,Ostracod
4100,Arthropoda,Crustacea,Mysidacea,Mysidae,Hyperacanthomysis,longirostris,"Mysid, Opossom Shrimp"
4101,Arthropoda,Crustacea,Mysidacea,Mysidae,Orientomysis,aspera,"Mysid, Opossom Shrimp"
4105,Arthropoda,Crustacea,Mysidacea,Mysidae,Alienacanthomysis,macropsis,"Mysid, Opossom Shrimp"
4109,Arthropoda,Crustacea,Mysidacea,Mysidae,Neomysis,kadiakensis,"Mysid, Opossom Shrimp"
4110,Arthropoda,Crustacea,Mysidacea,Mysidae,Neomysis,mercedis,"Mysid, Opossom Shrimp"
4111,Arthropoda,Crustacea,Mysidae,Mysidae,Neomysis,japonica,"Mysid, Opossom Shrimp"
4150,Arthropoda,Crustacea,Thoracica,Balanidae,Amphibalanus,improvisus,Bay Barnacle
4210,Arthropoda,Crustacea,Cumacea,Nannastacidae,Cumella,vulgaris,Cumacean
4229,Arthropoda,Crustacea,Cumacea,Leuconidae,Eudorella,pacifica,Cumacean
4230,Arthropoda,Crustacea,Cumacea,Leuconidae,Nippoleucon,hinumensis,Cumacean
4250,Arthropoda,Crustacea,Cumacea,Leptochelidae,Leptochelia,sp. A,Cumacean
4270,Arthropoda,Crustacea,Tanaidacea,Tanaidae,Sinelobus,sp. A,Tanaidacean
4309,Arthropoda,Crustacea,Isopoda,Idoteidae,Idotea,sp. A,Isopod
4310,Arthropoda,Crustacea,Isopoda,Idoteidae,Synidotea,laevidorsalis,Isopod
4315,Arthropoda,Crustacea,Isopoda,Anthuridae,Cyathura,sp. A,Isopod
4320,Arthropoda,Crustacea,Isopoda,Anthuridae,Paranthura,elegans,Isopod
4330,Arthropoda,Crustacea,Isopoda,Asellidae,Asellus,hilgendorfii,Isopod
4335,Arthropoda,Crustacea,Isopoda,Asellidae,Caecidotea,racovitzai,Isopod
4337,Arthropoda,Malacostrostraca,Isopoda,Bopyridae,Unknown,sp. A,Parasitic isopod
4350,Arthropoda,Crustacea,Isopoda,Sphaeromatidae,Gnorimosphaeroma,insulare,"Isopod, Pill bug"
4370,Arthropoda,Crustacea,Isopoda,Sphaeromatidae,Gnorimosphaeroma,oregonensis,"Isopod, Pill bug"
4390,Arthropoda,Crustacea,Isopoda,Sphaeromatidae,Sphaeroma,quoianum,"Isopod, Pill bug"
4400,Arthropoda,Crustacea,Isopoda,Cirolanidae,Excirolana,linguifrons,Isopod
4409,Arthropoda,Crustacea,Isopoda,Munnidae,Uromunna,ubiquita,"Isopod, Pill bug"
4410,Arthropoda,Crustacea,Isopoda,Munnidae,Uromunna,sp. A,Isopod
4505,Arthropoda,Crustacea,Amphipoda,Dexaminidae,Paradexamine,sp. A,Amphipod
4506,Arthropoda,Crustacea,Amphipoda,Isaeidae,Photis,brevipes,Amphipod
4510,Arthropoda,Crustacea,Amphipoda,Ampeliscidae,Ampelisca,abdita,Amphipod
4520,Arthropoda,Crustacea,Amphipoda,Ampeliscidae,Ampelisca,lobata,Amphipod
4524,Arthropoda,Crustacea,Amphipoda,Ampithoidae,Ampithoe,plumulosa,Amphipod
4525,Arthropoda,Crustacea,Amphipoda,Ampithoidae,Ampithoe,valida,Amphipod
4529,Arthropoda,Crustacea,Amphipoda,Ischyroceridae,Jassa,slatteryi,Amphipod
4530,Arthropoda,Crustacea,Amphipoda,Corophiidae,Monocorophium,acherusicum,Amphipod
4540,Arthropoda,Crustacea,Amphipoda,Podoceridae,unknown,sp. A,Amphipod
4550,Arthropoda,Crustacea,Amphipoda,Corophiidae,Sinocorophium,alienense,Amphipod
4560,Arthropoda,Crustacea,Amphipoda,Corophiidae,Sinocorophium,heteroceratum,Amphipod
4570,Arthropoda,Crustacea,Amphipoda,Corophiidae,Monocorophium,insidiosum,Amphipod
4580,Arthropoda,Crustacea,Amphipoda,Corophiidae,Monocorophium,uenoi,Amphipod
4610,Arthropoda,Crustacea,Amphipoda,Corophiidae,Americorophium,spinicorne,Amphipod
4630,Arthropoda,Crustacea,Amphipoda,Corophiidae,Americorophium,stimpsoni,Amphipod
4670,Arthropoda,Crustacea,Amphipoda,Aoridae,Grandidierella,japonica,Amphipod
4710,Arthropoda,Crustacea,Amphipoda,Phoxocephalidae,Grandifoxus,grandis,Amphipod
4711,Arthropoda,Crustacea,Amphipoda,Phoxocephalidae,Rhepoxynius,sp. A,Amphipod
4715,Arthropoda,Crustacea,Amphipoda,Stenothoidae,Stenothoe,valida,Amphipod
4716,Arthropoda,Crustacea,Amphipoda,Stenothoidae,Stenula,modosa,Amphipod
4720,Arthropoda,Crustacea,Amphipoda,Oedicerotidae,Americhelidium,shoemakeri,Amphipod
4730,Arthropoda,Crustacea,Amphipoda,Pleustidae,Gnathopleustes,pugettensis,Amphipod
4731,Arthropoda,Crustacea,Amphipoda,Pleustidae,Incisocalliope,derzhavini,Amphipod
4740,Arthropoda,Crustacea,Amphipoda,Crangonyctidae,Crangonyx,floridanus,Amphipod
4745,Arthropoda,Crustacea,Amphipoda,Anisogammaridae,Eogammarus,confervicolus,Amphipod
4750,Arthropoda,Crustacea,Amphipoda,Gammaridae,Gammarus,daiberi,Amphipod
4770,Arthropoda,Crustacea,Amphipoda,Melitidae,Melita,nitida,Amphipod
4810,Arthropoda,Crustacea,Amphipoda,Hyalellidae,Hyalella,sp. A,Amphipod
4830,Arthropoda,Crustacea,Amphipoda,Caprellidae,Caprella,scaura,Skeleton Shrimp
4835,Arthropoda,Crustacea,Amphipoda,Caprellidae,Caprella,mendax,Skeleton Shrimp
4860,Arthropoda,Crustacea,Decapoda,Palaemonidae,Exopalaemon,modestus,Siberian prawn
4870,Arthropoda,Crustacea,Decapoda,Palaemonidae,Palaemon,macrodactylus,Oriental Shrimp
4880,Arthropoda,Crustacea,Decapoda,Hippolytidae,Heptacarpus,stimpsoni,Broken back Shrimp
4890,Arthropoda,Crustacea,Decapoda,Crangonidae,Crangon,franciscorum,California Bay Shrimp
4892,Arthropoda,Crustacea,Decapoda,Crangonidae,Crangon,nigricauda,Blacktail Shrimp
4910,Arthropoda,Crustacea,Decapoda,Astacidae,Pacifastacus,leniusculus,Signal Crayfish
4925,Arthropoda,Crustacea,Decapoda,Callianassidae,Notrypaea,californiensis,Mud Shrimp
4930,Arthropoda,Crustacea,Decapoda,Upogebiidae,Upogebia,pugettensis,Blue Mud Shrimp
4935,Arthropoda,Crustacea,Decapoda,Paguridae,Pagurus,samuelis,Blue-handed Hermit Crab
4939,Arthropoda,Malacostraca,Decapoda,Cancridae,Romaleon,antennarius,Brown rock crab
4940,Arthropoda,Crustacea,Decapoda,Varunidae,Eriocheir,sinensis,Chinese Mitten Crab
4941,Arthropoda,Crustacea,Decapoda,Cancridae,Romaleon,jordani,Hairy rock crab
4942,Arthropoda,Crustacea,Decapoda,Cancridae,Romaleon,branneri,Furrowed rock crab
4943,Arthropoda,Crustacea,Decapoda,Cancridae,Metacarcinus,anthonyi,Yellow rock crab
4944,Arthropoda,Crustacea,Decapoda,Cancridae,Metacarcinus,magister,Dungeness Crab
4945,Arthropoda,Crustacea,Decapoda,Cancridae,Cancer,productus,Red Rock Crab
4947,Arthropoda,Crustacea,Decapoda,Cancridae,Metacarcinus,gracilis,Graceful rock crab
4949,Arthropoda,Crustacea,Decapoda,Panopeidae,Lophopanopeus,leucomanus,Knobknee crestleg crab
4950,Arthropoda,Crustacea,Decapoda,Panopeidae,Rhithropanopeus,harrisii,Harris Mud Crab
4970,Arthropoda,Crustacea,Decapoda,Varunidae,Hemigrapsus,oregonensis,Shore Crab
4980,Arthropoda,Crustacea,Decapoda,Pinnotheridae,Pinnixa,scamit,Pea crab
4981,Arthropoda,Crustacea,Decapoda,Pinnotheridae,Scleroplax,granulata,Pea crab
4990,Arthropoda,Crustacea,Decapoda,Majidae,Pyromaia,tuberculata,Tuberculate Pear Crab
5010,Arthropoda,Insecta,Ephemeroptera,Baetidae,Baetis,tricaudatus,Mayfly
5020,Arthropoda,Insecta,Ephemeroptera,Baetidae,Callibaetis,sp. A,Mayfly
5025,Arthropoda,Insecta,Ephemeroptera,Baetidae,Fallceon,quilleri,Mayfly
5026,Arthropoda,Insecta,Ephemeroptera,Baetidae,Procloeon,sp. A,Mayfly
5030,Arthropoda,Insecta,Ephemeroptera,Heptageniidae,Heptagenia,sp. A,Mayfly
5050,Arthropoda,Insecta,Ephemeroptera,Leptophlebiidae,Paraleptophlebia,sp. A,Mayfly
5060,Arthropoda,Insecta,Ephemeroptera,Ephemerellidae,Serratella,micheneri,Mayfly
5070,Arthropoda,Insecta,Ephemeroptera,Ephemeridae,Hexagenia,limbata californica,Mayfly
5090,Arthropoda,Insecta,Ephemeroptera,Leptohyphidae,Tricorythodes,minutus,Mayfly
5110,Arthropoda,Insecta,Ephemeroptera,Caenidae,Caenis,latipennis,Mayfly
5111,Arthropoda,Insecta,Ephemeroptera,Caenidae,Cercobrachys,sp. A,Mayfly
5125,Arthropoda,Insecta,Ephemeroptera,Pseudironidae,Pseudiron,centralis,Mayfly
5130,Arthropoda,Insecta,Odonata,Gomphidae,Stylurus,olivaceus,Olive Clubtail dragonfly
5132,Arthropoda,Insecta,Odonata,Libellulidae,Pachydiplax,longipennis,Blue dasher
5140,Arthropoda,Insecta,Odonata,Coenagrionidae,Enallagma,sp. A,Blue damselfly
5155,Arthropoda,Insecta,Perlodidae,Perlodidae,Isoperla,sp. A,"Stripetail, yellow stone"
5160,Arthropoda,Insecta,Belostomatidae,Belostomatidae,Belostoma,flumineum,Giant water bug
5170,Arthropoda,Insecta,Hemiptera,Naucoridae,Ambrysus,sp. A,Creeping Water Bug
5190,Arthropoda,Insecta,Hemiptera,Corixidae,Corisella,inscripta,Water Boatman
5210,Arthropoda,Insecta,Hemiptera,Corixidae,Trichocorixa,verticalis,Water Boatman
5225,Arthropoda,Insecta,Neuroptera,Sisyridae,Climacia,californica,Spongillafly
5230,Arthropoda,Insecta,Trichoptera,Hydropsychidae,Hydropsyche,californica,Net-Spinning Caddisfly
5234,Arthropoda,Insecta,Trichoptera,Hydroptilidae,Hydroptila,sp. B,Micro-Caddisfly
5235,Arthropoda,Insecta,Trichoptera,Hydroptilidae,Hydroptila,sp. A,Micro-Caddisfly
5236,Arthropoda,Insecta,Trichoptera,Hydroptilidae,Oxyethira,sp. A,Micro-Caddisfly
5240,Arthropoda,Insecta,Trichoptera,Leptoceridae,Nectopsyche,gracilis,Long-horn Caddisfly
5241,Arthropoda,Insecta,Trichoptera,Leptoceridae,Oecetis,sp. A,Long-horn Caddisfly
5242,Arthropoda,Insecta,Trichoptera,Leptoceridae,Oecetis,sp. B,Long-horn Caddisfly
5245,Arthropoda,Insecta,Trichoptera,Psychomyiidae,Tinodes,belisa,Caddisfly
5315,Arthropoda,Insecta,Coleoptera,Elmidae,Dubiraphia,giulianii,Riffle Beetle
5320,Arthropoda,Insecta,Coleoptera,Elmidae,Microcylloepus,similis,Riffle Beetle
5325,Arthropoda,Insecta,Coleoptera,Ptilodactylidae,Unknown,ptilodactylidae sp. A,Toed-winged beetle
5330,Arthropoda,Insecta,Diptera,Chaoboridae,Chaoborus,albatus,Phanton Midge
5410,Arthropoda,Insecta,Diptera,Chironomidae,Procladius,sp. A,Midge
5430,Arthropoda,Insecta,Diptera,Chironomidae,Tanypus,stellatus,Midge
5450,Arthropoda,Insecta,Diptera,Chironomidae,Ablabesmyia,sp. A,Midge
5455,Arthropoda,Insecta,Diptera,Chironomidae,Conchapelopia,sp. A,Midge
5457,Arthropoda,Insecta,Diptera,Chironomidae,Monopelopia,sp. A,Midge
5458,Arthropoda,Insecta,Diptera,Chironomidae,Pentaneura,sp. A,Midge
5460,Arthropoda,Insecta,Diptera,Chironomidae,Potthastia,sp. A,Midge
5470,Arthropoda,Insecta,Diptera,Chironomidae,Cladotanytarsus,sp. A,Midge
5490,Arthropoda,Insecta,Diptera,Chironomidae,Micropsectra,sp. A,Midge
5500,Arthropoda,Insecta,Diptera,Chironomidae,Nimbocera,sp. A,Midge
5510,Arthropoda,Insecta,Diptera,Chironomidae,Paratanytarsus,sp. A,Midge
5511,Arthropoda,Insecta,Diptera,Chironomidae,Paratanytarsus,sp. B,Midge
5515,Arthropoda,Insecta,Diptera,Chironomidae,Rheotanytarsus,sp. A,Midge
5518,Arthropoda,Insecta,Diptera,Chironomidae,Stempellina,sp. A,Midge
5519,Arthropoda,Insecta,Diptera,Chironomidae,Stempellinella,sp. A,Midge
5520,Arthropoda,Insecta,Diptera,Chironomidae,Tanytarsus,sp. A,Midge
5525,Arthropoda,Insecta,Diptera,Chironomidae,Tanytarsus,sp. B,Midge
5526,Arthropoda,Insecta,Diptera,Chironomidae,Sublettea,sp. A,Midge
5527,Arthropoda,Insecta,Diptera,Chironomidae,unid Tanytarsini pupa,sp. A,Midge
5529,Arthropoda,Insecta,Diptera,Chironomidae,Apedilum,sp. A,Midge
5530,Arthropoda,Insecta,Diptera,Chironomidae,Chironomus,attenuatus,Midge
5535,Arthropoda,Insecta,Diptera,Chironomidae,Chironomus,stigmaterus,Midge
5540,Arthropoda,Insecta,Diptera,Chironomidae,Cladopelma,sp. A,Midge
5550,Arthropoda,Insecta,Diptera,Chironomidae,Cryptochironomus,sp. A,Midge
5570,Arthropoda,Insecta,Diptera,Chironomidae,Cryptochironomus,sp. B,Midge
5571,Arthropoda,Insecta,Diptera,Chironomidae,Cryptochironomus,sp. C,Midge
5572,Arthropoda,Insecta,Diptera,Chironomidae,Cryptochironomus,sp. D,Midge
5575,Arthropoda,Insecta,Diptera,Chironomidae,Cryptotendipes,sp. A,non-biting midge
5580,Arthropoda,Insecta,Diptera,Chironomidae,Cyphomella,sp. A,Midge
5590,Arthropoda,Insecta,Diptera,Chironomidae,Demicryptochironomus,sp. A,Midge
5600,Arthropoda,Insecta,Diptera,Chironomidae,Dicrotendipes,sp. A,Midge
5601,Arthropoda,Insecta,Diptera,Chironomidae,Dicrotendipes,sp. B,Midge
5602,Arthropoda,Insecta,Diptera,Chironomidae,Dicrotendipes,sp. C,Midge
5610,Arthropoda,Insecta,Diptera,Chironomidae,Glyptotendipes,sp. A,Midge
5620,Arthropoda,Insecta,Diptera,Chironomidae,Einfeldia,sp. A,Midge
5630,Arthropoda,Insecta,Diptera,Chironomidae,Endochironomus,sp. A,Midge
5631,Arthropoda,Insecta,Diptera,Chironomidae,Endochironomus,sp. B,Midge
5640,Arthropoda,Insecta,Diptera,Chironomidae,Endotribelos,sp. A,Midge
5670,Arthropoda,Insecta,Diptera,Chironomidae,Harnischia,curtilamellata,Midge
5675,Arthropoda,Insecta,Diptera,Chironomidae,Microchironomus,sp. A,Midge
5680,Arthropoda,Insecta,Diptera,Chironomidae,Microtendipes,sp. A,Midge
5685,Arthropoda,Insecta,Diptera,Chironomidae,Microtendipes,sp. B,Midge
5691,Arthropoda,Insecta,Diptera,Chironomidae,Parachironomus,sp. A,Midge
5692,Arthropoda,Insecta,Diptera,Chironomidae,Parachironomus,sp. B,Midge
5710,Arthropoda,Insecta,Diptera,Chironomidae,Paracladopelma,sp. A,Midge
5711,Arthropoda,Insecta,Diptera,Chironomidae,Paracladopelma,sp. B,Midge
5712,Arthropoda,Insecta,Diptera,Chironomidae,Paracladopelma,sp. C,Midge
5730,Arthropoda,Insecta,Diptera,Chironomidae,Paralauterborniella,sp. A,Midge
5750,Arthropoda,Insecta,Diptera,Chironomidae,Paratendipes,sp. A,Midge
5770,Arthropoda,Insecta,Diptera,Chironomidae,Phaenopsectra,sp. A,Midge
5790,Arthropoda,Insecta,Diptera,Chironomidae,Polypedilum,sp. A,Midge
5791,Arthropoda,Insecta,Diptera,Chironomidae,Polypedilum,sp. B,Midge
5792,Arthropoda,Insecta,Diptera,Chironomidae,Polypedilum,sp. C,Midge
5800,Arthropoda,Insecta,Diptera,Chironomidae,Pseudochironomus,sp. A,Midge
5810,Arthropoda,Insecta,Diptera,Chironomidae,Robackia,claviger,Midge
5820,Arthropoda,Insecta,Diptera,Chironomidae,Robackia,demeijerei,Midge
5830,Arthropoda,Insecta,Diptera,Chironomidae,Stenochironomus,sp. A,Midge
5850,Arthropoda,Insecta,Diptera,Chironomidae,Stictochironomus,sp. A,Midge
5851,Arthropoda,Insecta,Diptera,Chironomidae,Stictochironomus,sp. B,Midge
5855,Arthropoda,Insecta,Diptera,Chironomidae,Synendotendipes,sp. A,Midge
5860,Arthropoda,Insecta,Diptera,Chironomidae,Xenochironomus,xenolabis,Midge
5870,Arthropoda,Insecta,Diptera,Chironomidae,Monodiamesa,sp. A,Midge
5873,Arthropoda,Insecta,Diptera,Chironomidae,Brillia,sp. A,Midge
5875,Arthropoda,Insecta,Diptera,Chironomidae,Bryophaenocladius,sp. A,Midge
5880,Arthropoda,Insecta,Diptera,Chironomidae,Corynoneura,sp. A,Midge
5890,Arthropoda,Insecta,Diptera,Chironomidae,Cricotopus,bicinctus,Midge
5910,Arthropoda,Insecta,Diptera,Chironomidae,Cricotopus,sp. A,Midge
5911,Arthropoda,Insecta,Diptera,Chironomidae,Cricotopus,sp. B,Midge
5912,Arthropoda,Insecta,Diptera,Chironomidae,Cricotopus,sp. C,Midge
5913,Arthropoda,Insecta,Diptera,Chironomidae,Cricotopus,sp. D,Midge
5914,Arthropoda,Insecta,Diptera,Chironomidae,Cricotopus,Sp. E,Midge
5930,Arthropoda,Insecta,Diptera,Chironomidae,Epoicocladius,sp. A,Midge
5935,Arthropoda,Insecta,Diptera,Chironomidae,Gymnometriocnemus,sp. A,Midge
5940,Arthropoda,Insecta,Diptera,Chironomidae,Hydrobaenus,sp. A,Midge
5945,Arthropoda,Insecta,Diptera,Chironomidae,Limnophyes,sp. A,Midge
5950,Arthropoda,Insecta,Diptera,Chironomidae,Nanocladius,distinctus,Midge
5970,Arthropoda,Insecta,Diptera,Chironomidae,Nanocladius,sp. A,Midge
5971,Arthropoda,Insecta,Diptera,Chironomidae,Nanocladius,sp. B,Midge
5980,Arthropoda,Insecta,Diptera,Chironomidae,Orthocladius,sp. A,Midge
5981,Arthropoda,Insecta,Diptera,Chironomidae,Orthocladius,sp. B,Midge
5985,Arthropoda,Insecta,Diptera,Chironomidae,Parakiefferiella,sp. A,Midge
5989,Arthropoda,Insecta,Diptera,Chironomidae,Pseudokiefferiella,sp. A,Midge
5990,Arthropoda,Insecta,Diptera,Chironomidae,Psectrocladius,sp. A,Midge
5995,Arthropoda,Insecta,Diptera,Chironomidae,Psectrocladius,sp. B,Midge
5996,Arthropoda,Insecta,Diptera,Chironomidae,Synorthocladius,sp. A,Midge
5997,Arthropoda,Insecta,Diptera,Chironomidae,Thienemanniella,sp. A,Midge
6000,Arthropoda,Insecta,Diptera,Ceratopogonidae,Bezzia,sp. A,"Biting Midge, No-see-um"
6004,Arthropoda,Insecta,Diptera,Ceratopogonidae,Ceratopogon,sp. A,Biting Midge
6005,Arthropoda,Insecta,Diptera,Ceratopogonidae,Dasyhelea,sp. A,Biting Midge
6010,Arthropoda,Insecta,Diptera,Ceratopogonidae,Palpomyia,sp. A,"Biting Midge, No-see-um"
6015,Arthropoda,Insecta,Diptera,Ceratopogonidae,Probezzia,sp. A,Biting Midge
6019,Arthropoda,Insecta,Diptera,Ceratopogonidae,Stilobezzia,sp. A,Biting Midge
6020,Arthropoda,Insecta,Diptera,Ceratopogonidae,Sphaeromias,sp. A,"Biting Midge, No-see-um"
6021,Arthropoda,Insecta,Diptera,Psychodidae,Psychoda,sp. A,Moth Fly
6022,Arthropoda,Insecta,Diptera,Sumuliidae,Simulium,sp. A,Blackfly
6023,Arthropoda,Insecta,Diptera,Empididae,Neoplasta,sp. A,Dance Fly
6024,Arthropoda,Insecta,Diptera,Tipulidae,Tipula,sp. A,Crane Fly
6025,Arthropoda,Insecta,Diptera,Tipulidae,Limonia,sp. A,Crane Fly
6026,Arthropoda,Insecta,Diptera,Dolichopodidae,Dolichopus,sp. A,Fly
6028,Arthropoda,Insecta,Diptera,Stratiomyidae,Odontomyia,sp. A,Soldier fly
6030,Arthropoda,Insecta,Diptera,Ephydridae,Lemnaphila,sp. A,Duckweed miner fly
6035,Arthropoda,Insecta,Diptera,Ephydridae,Unknown,ephydridid sp. A,Unknown ephydridid sp. A
6040,Arthropoda,Insecta,Diptera,Muscidae,Lispe,sp. A,Fly
6223,Arthropoda,Pycnogonida,Pantopoda,Pycnogonidae,Pycnogonum,rickettsi,Sea Spider
6224,Arthropoda,Pycnogonida,Pantopoda,Ammotheidae,Ammothea,hilgendorfi,Sea Spider
6225,Arthropoda,Pycnogonida,Pantopoda,Ammotheidae,Achelia,alaskensis,Sea Spider
6226,Arthropoda,Pycnogonida,Pantopoda,Pycnogonidae,Pycnogonum,stearnsi,Sea Spider
6227,Arthropoda,Arachnida,Hydracarina,Hygrobatidae,Hygrobates,sp. A,Water Mite
6228,Arthropoda,Arachnida,Hydracarina,Hygrobatidae,Hygrobatella,sp. A,Water Mite
6229,Arthropoda,Arachnida,Hydracarina,Lebertiidae,Lebertia,sp. A,Water Mite
6230,Arthropoda,Arachnida,Hydracarina,Limnesiidae,Limnesia,sp. A,Water Mite
6250,Arthropoda,Arachnida,Hydracarina,Pionidae,Forelia,sp. A,Water Mite
6260,Arthropoda,Arachnida,Hydracarina,Unioncolidae,Koenikea,sp. A,Water Mite
6265,Arthropoda,Arachnida,Hydracarina,Sperchontidae,Sperchon,sp. A,Water Mite
6270,Arthropoda,Arachnida,Hydracarina,Unionicolidae,Unionicola,sp. A,Water Mite
6290,Arthropoda,Arachnida,Hydracarina,Unionicolidae,Unionicola,sp. B,Water Mite
6293,Arthropoda,Arachnida,Trombidiformes,Mideopsidae,Mideopsis,sp. A,Water Mite
6295,Arthropoda,Arachnida,Arrenuriodea,Arrenuridae,Arrenurus,sp. A,Water Mite
6480,Mollusca,Arachnida,Arrenuriodea,Viviparidae,Cipangopaludina,chinensis malleata,Water Mite
6490,Mollusca,Gastropoda,Mesogastropoda,Hydrobiidae,Fluminicola,sp. A,Hydrobe snail
6491,Mollusca,Gastropoda,Mesogastropoda,Unknown,Hydrobioidea,sp. A,Hydrobe snail
6495,Mollusca,Gastropoda,Mesogastropoda,Unknown,Hydrobioidea,sp. C,Marine Gastropod
6496,Mollusca,Gastropoda,Mesogastropoda,Unknown,Hydrobioidea,sp. D,Marine Gastropod
6497,Mollusca,Gastropoda,Mesogastropoda,Unknown,Hydrobioidea,sp. E,Unidentified Hydrobioidea
6498,Mollusca,Gastropoda,Litterinimorpha,Rissoidae,Alvinia,sp. A,Sea snail
6500,Mollusca,Gastropoda,Cephalaspidea,Philinidae,Philine,auriformis,Paperbubble
6501,Mollusca,Gastropoda,Cephalaspidea,Aglajidae,Melanochlamys,diomedea,Sea Slug
6502,Mollusca,Gastropoda,Cephalaspidea,Philinidae,Philine,sp. A,Sea Slug
6505,Mollusca,Gastropoda,Nudibranchia,Facelinidae,Sakuraeolis,enosimensis,Sea Slug
6510,Mollusca,Gastropoda,Nudibranchia,Unknown,Nudibranch,sp. A,Sea Slug
6515,Mollusca,Gastropoda,Nudibranchia,Onchidorididae,Onchidoris,bilamellata,Sea Slug
6520,Mollusca,Gastropoda,Nudibranchia,Okeniidae,Okenia,plana,"Flat Okenia, Sea Slug"
6525,Mollusca,Gastropoda,Limnophila,Lymnaeidae,Lymnaea,modicella,Pond snail
6526,Mollusca,Gastropoda,Limnophila,Lymnaeidae,Lymnaea,columella,Pond snail
6528,Mollusca,Gastropoda,Limnophila,Lymnaeidae,Radix,auricularia,Pond snail
6530,Mollusca,Gastropoda,Limnophila,Planorbidae,Gyraulus,circumstriatus,Gyraulus Snail
6560,Mollusca,Gastropoda,Limnophila,Planorbidae,Dilatata,dilatatus,Menetus Snail
6565,Mollusca,Gastropoda,Limnophila,Planorbidae,Helisoma,anceps,Two-ridge rams-horn snail
6570,Mollusca,Gastropoda,Limnophila,Physidae,Physa,sp. A,Pouch Snail
6590,Mollusca,Gastropoda,Limnophila,Ancylidae,Ferrissia,californica,California Ancylid
6610,Mollusca,Gastropoda,Mesogastropoda,Assimineidae,Assiminea,californica,California Assiminea
6620,Mollusca,Gastropoda,Mesogastropoda,Epitoniidae,Epitonium,sp. A,Epitonium
6630,Mollusca,Gastropoda,Mesogastropoda,Thiaridae,Melanoides,tuberculata,Red-rim Melania snail
6640,Mollusca,Gastropoda,Neogastropoda,Nassariidae,Tritia,obsoleta,Eastern mudsnail
6650,Mollusca,Gastropoda,Pyramidellida,Pyramidellidae,Odostomia,fetella,"Gastropod, Slug"
6660,Mollusca,Gastropoda,Mesogastropoda,Calyptraeidae,Crepidula,plana,Eastern white slipper shell
6670,Mollusca,Bivalvia,Mytiloida,Semelidae,Theora,lubrica,Asian Semele
6678,Mollusca,Bivalvia,Mytilida,Modiolidae,Limnoperna,fortunei,Golden Mussel
6679,Mollusca,Bivalvia,Mytiloida,Mytilidae,Modiolus,modiolus,Northern horse mussel
6680,Mollusca,Bivalvia,Mytiloida,Mytilidae,Modiolus,rectus,Straight Horse Mussel
6690,Mollusca,Bivalvia,Mytiloida,Mytilidae,Musculista,senhousia,Green Mussel
6710,Mollusca,Bivalvia,Mytiloida,Mytilidae,Mytilus,galloprovincialis,Mediterranean Mussel
6715,Mollusca,Bivalvia,Pterioida,Ostreidae,Ostrea,conchaphila,Olympia Oyster
6730,Mollusca,Bivalvia,Veneroida,Corbiculidae,Corbicula,fluminea,Asian Clam
6740,Mollusca,Bivalvia,Veneroida,Sphaeriidae,Musculium,transversum,Fingernail Clam
6750,Mollusca,Bivalvia,Veneroida,Sphaeriidae,Euglesa,casertana,Ubiquitous Peaclam
6770,Mollusca,Bivalvia,Veneroida,Sphaeriidae,Euglesa,compress,Ridgebeak Peaclam
6778,Mollusca,Bivalvia,Veneroida,Cardiidae,Clinocardium,nuttallii,Nuttall Cockle
6779,Mollusca,Bivalvia,Veneroida,Cardiidae,Cardiidae,sp. A,Unidentified Cardiidae
6780,Mollusca,Bivalvia,Veneroida,Solenidae,Siliqua,lucida,Transparent Razor
6782,Mollusca,Bivalvia,Veneroida,Solenidae,Solen,sicarius,Jacknife Clam
6809,Mollusca,Bivalvia,Veneroida,Tellinidae,Macoma,nasuta,Bent-nose macoma
6810,Mollusca,Bivalvia,Veneroida,Tellinidae,Limecola,petalum,Macoma
6820,Mollusca,Bivalvia,Veneroida,Tellinidae,Unknown,tellinid sp. A,Tellin
6825,Mollusca,Bivalvia,Veneroida,Tellinidae,Macoma,sp. A,Macoma
6830,Mollusca,Bivalvia,Veneroida,Veneridae,Ruditapes,philippinarum,Japanese Littleneck
6850,Mollusca,Bivalvia,Veneroida,Veneridae,Gemma,gemma,Amethyst Gemclam
6860,Mollusca,Bivalvia,Veneroida,Cooperellidae,Cooperella,subdiaphana,Cooper Clam
6869,Mollusca,Bivalvia,Myoida,Myidae,Cryptomya,californica,California Softshell Clam
6870,Mollusca,Bivalvia,Myoida,Myidae,Mya,arenaria,Softshell Clam
6890,Mollusca,Bivalvia,Myoida,Corbulidae,Potamocorbula,amurensis,Brackish-water Corbula
6895,Mollusca,Bivalvia,Myoida,Pholadidae,Zirfaea,pilsbryi,Rough piddock
6910,Mollusca,Bivalvia,Schizodonta,Unionidae,Anodonta,sp. A,Floater mussel
6915,Mollusca,Bivalvia,Pholadomyoida,Lyonsiidae,Lyonsia,californica,California Lyonsia; sand clam
6920,Mollusca,Bivalvia,Pholadomyoida,Mactridae,Raeta,undulata,San Pedro thraciid
6999,Chordata,Ascidacea,Pleurogona,Styelidae,Styela,clava,"Stalked sea squirt, clubbed tunicate"
7000,Chordata,Ascidacea,Pleurogona,Molgulidae,Molgula,manhattensis,Sea grape
7500,Phoronida,Unknown,Unknown,Phoronidae,Phoronopsis,harmeri,Phoronid worm
7501,Phoronida,Unknown,Unknown,Phoronidae,Phoronis,sp. A,Unknown phoronid
8000,Echinodermata,Ophiuroidea,Ophiurida,Amphiuridae,Unknown,amphiurid sp. A,Brittlestar
